{
  "type": "FeatureCollection",
  "generator": "overpass-turbo",
  "copyright": "The data included in this document is from www.openstreetmap.org. The data is made available under ODbL.",
  "timestamp": "2026-06-25T07:59:15Z",
  "features": [
    {
      "type": "Feature",
      "properties": {
        "@id": "relation/131820",
        "admin_level": "10",
        "border_type": "barangay",
        "boundary": "administrative",
        "name": "West Crame",
        "old_ref": "137405020",
        "population": "17359",
        "population:date": "2024-07-01",
        "ref": "1381400020",
        "type": "boundary",
        "wikidata": "Q120769457"
      },
      "geometry": {
        "type": "Polygon",
        "coordinates": [
          [
            [121.0457618, 14.6086687],
            [121.045746, 14.6086009],
            [121.0459832, 14.6073778],
            [121.0461255, 14.6067563],
            [121.0462531, 14.6065149],
            [121.0470857, 14.6070313],
            [121.0479306, 14.6075461],
            [121.048491, 14.6078312],
            [121.0486946, 14.6073055],
            [121.0487424, 14.6071767],
            [121.0488383, 14.606897],
            [121.0493938, 14.6054545],
            [121.0499848, 14.6039792],
            [121.0500143, 14.603918],
            [121.0501168, 14.6036481],
            [121.050946, 14.6040193],
            [121.0517929, 14.6043748],
            [121.0516597, 14.6046499],
            [121.051977, 14.6048031],
            [121.0514962, 14.6058821],
            [121.051396, 14.6062072],
            [121.0513718, 14.6063175],
            [121.0510734, 14.607049],
            [121.0500481, 14.6096889],
            [121.0499506, 14.6096662],
            [121.0494174, 14.6095353],
            [121.0493489, 14.6095176],
            [121.0489874, 14.6094296],
            [121.0488039, 14.609382],
            [121.0484539, 14.6093052],
            [121.0483294, 14.6092755],
            [121.048233, 14.6092525],
            [121.0480342, 14.6092028],
            [121.0477992, 14.6091441],
            [121.0477546, 14.6091336],
            [121.0475866, 14.609092],
            [121.0471288, 14.6089875],
            [121.0470529, 14.6089712],
            [121.0469987, 14.6089577],
            [121.0469243, 14.608939],
            [121.0466595, 14.6088721],
            [121.0462786, 14.6087713],
            [121.046206, 14.6087541],
            [121.046149, 14.6087406],
            [121.0459282, 14.6086828],
            [121.0458646, 14.6086757],
            [121.0458196, 14.6086706],
            [121.0457618, 14.6086687]
          ]
        ]
      },
      "id": "relation/131820"
    },
    {
      "type": "Feature",
      "properties": {
        "@id": "relation/149021",
        "admin_level": "10",
        "border_type": "barangay",
        "boundary": "administrative",
        "name": "Greenhills",
        "old_ref": "137405021",
        "population": "19156",
        "population:date": "2024-07-01",
        "ref": "1381400021",
        "type": "boundary",
        "wikidata": "Q61926157",
        "wikimedia_commons": "Category:Barangay Greenhills, San Juan, Metro Manila",
        "wikipedia": "en:Greenhills, San Juan"
      },
      "geometry": {
        "type": "Polygon",
        "coordinates": [
          [
            [121.0591107, 14.6016657],
            [121.0591857, 14.6016915],
            [121.059206, 14.6016976],
            [121.0592271, 14.6017034],
            [121.0591491, 14.601912],
            [121.0590045, 14.602265],
            [121.0569959, 14.6066534],
            [121.0569881, 14.6066703],
            [121.0567956, 14.6065867],
            [121.0521673, 14.6045402],
            [121.0517929, 14.6043748],
            [121.050946, 14.6040193],
            [121.0501168, 14.6036481],
            [121.0500143, 14.603918],
            [121.0499848, 14.6039792],
            [121.0493938, 14.6054545],
            [121.0488383, 14.606897],
            [121.0487424, 14.6071767],
            [121.0486946, 14.6073055],
            [121.048491, 14.6078312],
            [121.0479306, 14.6075461],
            [121.0470857, 14.6070313],
            [121.0462531, 14.6065149],
            [121.0461255, 14.6067563],
            [121.0459832, 14.6073778],
            [121.045746, 14.6086009],
            [121.0457618, 14.6086687],
            [121.0456728, 14.6086802],
            [121.0451961, 14.6087541],
            [121.0450626, 14.6087768],
            [121.0447027, 14.6088322],
            [121.0445993, 14.6088481],
            [121.0442439, 14.6088989],
            [121.0441123, 14.6089231],
            [121.0440186, 14.6089572],
            [121.0433502, 14.6094944],
            [121.043249, 14.6095823],
            [121.0431512, 14.6096418],
            [121.0430998, 14.6096534],
            [121.0430241, 14.6096537],
            [121.0429708, 14.6096503],
            [121.0429556, 14.609642],
            [121.0428448, 14.6095839],
            [121.0421317, 14.6093009],
            [121.0413743, 14.609006],
            [121.0410549, 14.6088794],
            [121.0409096, 14.6088153],
            [121.0407497, 14.6087073],
            [121.040243, 14.6083622],
            [121.0396159, 14.6078858],
            [121.0393201, 14.6076583],
            [121.0391963, 14.6075688],
            [121.0388707, 14.6073116],
            [121.0387118, 14.6071739],
            [121.0386948, 14.607157],
            [121.038653, 14.607123],
            [121.0384989, 14.60699],
            [121.0380917, 14.6066262],
            [121.0380345, 14.6065754],
            [121.0378182, 14.6063977],
            [121.0377321, 14.6063141],
            [121.0377288, 14.6062482],
            [121.0377151, 14.6061407],
            [121.0378163, 14.6059379],
            [121.0378569, 14.6057527],
            [121.0376878, 14.6053824],
            [121.0377895, 14.605116],
            [121.0379266, 14.6046164],
            [121.0378692, 14.6044065],
            [121.0378614, 14.6043178],
            [121.0378572, 14.6041495],
            [121.0379175, 14.6040414],
            [121.0380968, 14.6039626],
            [121.0382309, 14.6039377],
            [121.03862, 14.6037556],
            [121.0386752, 14.6037237],
            [121.0388193, 14.6036197],
            [121.0389039, 14.6033347],
            [121.0389756, 14.6031017],
            [121.0390779, 14.6029356],
            [121.0392255, 14.6028561],
            [121.0393428, 14.602947],
            [121.0398063, 14.6030549],
            [121.0399351, 14.6029137],
            [121.040287, 14.6027476],
            [121.0405101, 14.6025649],
            [121.0407934, 14.6021994],
            [121.040965, 14.6020084],
            [121.0413084, 14.6020582],
            [121.04148, 14.6017842],
            [121.0416173, 14.6014021],
            [121.0415229, 14.6010865],
            [121.0415916, 14.6009453],
            [121.0418062, 14.6004884],
            [121.0419521, 14.6002393],
            [121.0418148, 14.6000316],
            [121.0415229, 14.5998074],
            [121.041377, 14.5995914],
            [121.0413341, 14.5993173],
            [121.0412139, 14.599093],
            [121.0407762, 14.5989352],
            [121.0404329, 14.5989934],
            [121.0400037, 14.599201],
            [121.0397462, 14.599201],
            [121.0397462, 14.5991097],
            [121.0396947, 14.5988272],
            [121.0397205, 14.5985615],
            [121.039669, 14.5982874],
            [121.0395395, 14.5979697],
            [121.0392471, 14.5975671],
            [121.0392248, 14.5974858],
            [121.0392014, 14.5973979],
            [121.039201, 14.5973341],
            [121.0392145, 14.5972413],
            [121.0393143, 14.5969626],
            [121.0394799, 14.5968258],
            [121.039749, 14.5965763],
            [121.0400129, 14.5964317],
            [121.0400619, 14.5962873],
            [121.0401521, 14.5961537],
            [121.0403221, 14.5960475],
            [121.0406644, 14.5959051],
            [121.040905, 14.5960292],
            [121.041105, 14.5962046],
            [121.0413891, 14.5963681],
            [121.0415511, 14.5964113],
            [121.0417044, 14.5962703],
            [121.0416878, 14.5960302],
            [121.0418421, 14.5958816],
            [121.0419882, 14.5956878],
            [121.0420643, 14.5955362],
            [121.0420731, 14.5952547],
            [121.0422872, 14.595077],
            [121.0422597, 14.5943304],
            [121.0424548, 14.5940079],
            [121.0426555, 14.5937507],
            [121.0429084, 14.5938803],
            [121.0431929, 14.5939659],
            [121.0490489, 14.5989294],
            [121.0496968, 14.5994554],
            [121.0496617, 14.5995731],
            [121.0497027, 14.5996069],
            [121.0497367, 14.599635],
            [121.0503339, 14.600149],
            [121.0503548, 14.6001664],
            [121.0512209, 14.6009025],
            [121.0517259, 14.6013341],
            [121.0517703, 14.6013561],
            [121.051864, 14.6013568],
            [121.0520316, 14.6013308],
            [121.0526869, 14.6012287],
            [121.0528151, 14.6012091],
            [121.0531017, 14.6011678],
            [121.0531511, 14.6011606],
            [121.0532532, 14.6011456],
            [121.0537832, 14.6010678],
            [121.0551708, 14.600864],
            [121.0557717, 14.600807],
            [121.0558415, 14.6008033],
            [121.056204, 14.6008055],
            [121.0565166, 14.6008361],
            [121.0566856, 14.6008639],
            [121.0569761, 14.6009308],
            [121.0574275, 14.6010673],
            [121.0580075, 14.6012626],
            [121.0580679, 14.6012829],
            [121.0585744, 14.6014651],
            [121.0588066, 14.6015516],
            [121.0590236, 14.601635],
            [121.0591107, 14.6016657]
          ]
        ]
      },
      "id": "relation/149021"
    },
    {
      "type": "Feature",
      "properties": {
        "@id": "relation/154426",
        "admin_level": "10",
        "border_type": "barangay",
        "boundary": "administrative",
        "name": "Salapan",
        "old_ref": "137405016",
        "population": "9046",
        "population:date": "2024-07-01",
        "ref": "1381400016",
        "type": "boundary",
        "wikidata": "Q120769453"
      },
      "geometry": {
        "type": "Polygon",
        "coordinates": [
          [
            [121.0279512, 14.611208],
            [121.0279155, 14.6113083],
            [121.0279076, 14.6113597],
            [121.0279115, 14.6114247],
            [121.0279252, 14.6115092],
            [121.0279721, 14.611664],
            [121.0280258, 14.611817],
            [121.0281357, 14.6121363],
            [121.0281662, 14.6122644],
            [121.0277158, 14.6123882],
            [121.0275176, 14.6123924],
            [121.0272902, 14.612361],
            [121.0269145, 14.6123391],
            [121.0259875, 14.6123059],
            [121.0255013, 14.6123868],
            [121.0253272, 14.6125184],
            [121.0252071, 14.6127011],
            [121.0250526, 14.6131828],
            [121.0249404, 14.6134936],
            [121.0243076, 14.6137399],
            [121.0237484, 14.6138698],
            [121.0236239, 14.6138471],
            [121.0235014, 14.6138021],
            [121.0234014, 14.6137345],
            [121.0232946, 14.6135373],
            [121.0232654, 14.6133529],
            [121.0232341, 14.613178],
            [121.0230435, 14.6120983],
            [121.0225558, 14.6113174],
            [121.0219307, 14.6104505],
            [121.0214352, 14.6095448],
            [121.0213482, 14.6093329],
            [121.0214532, 14.6092493],
            [121.0217177, 14.609016],
            [121.0219135, 14.6088317],
            [121.0222684, 14.6091427],
            [121.0224252, 14.6092627],
            [121.0227646, 14.6094659],
            [121.0247818, 14.6101561],
            [121.0248658, 14.610195],
            [121.0254885, 14.6103824],
            [121.0260457, 14.610568],
            [121.0274587, 14.6110096],
            [121.0279584, 14.6111726],
            [121.0279512, 14.611208]
          ]
        ]
      },
      "id": "relation/154426"
    },
    {
      "type": "Feature",
      "properties": {
        "@id": "relation/154428",
        "admin_level": "10",
        "alt_name": "Ermitano",
        "border_type": "barangay",
        "boundary": "administrative",
        "name": "Ermitaño",
        "old_ref": "137405005",
        "population": "3680",
        "population:date": "2024-07-01",
        "ref": "1381400005",
        "type": "boundary",
        "wikidata": "Q120769435"
      },
      "geometry": {
        "type": "Polygon",
        "coordinates": [
          [
            [121.0323598, 14.6108017],
            [121.032565, 14.6108464],
            [121.0327126, 14.6108919],
            [121.0325136, 14.6110659],
            [121.0320248, 14.6115037],
            [121.0316733, 14.611683],
            [121.0314635, 14.6118989],
            [121.0313434, 14.6121154],
            [121.0312621, 14.6122656],
            [121.0310722, 14.6126096],
            [121.0308805, 14.6129253],
            [121.0306945, 14.6129724],
            [121.0304507, 14.6129786],
            [121.0301013, 14.6131495],
            [121.0298162, 14.6131828],
            [121.0294838, 14.6130842],
            [121.0293352, 14.6129982],
            [121.0292643, 14.6129399],
            [121.0292359, 14.6128516],
            [121.0292236, 14.6124654],
            [121.0289744, 14.6121481],
            [121.0288587, 14.6120778],
            [121.0286223, 14.6120554],
            [121.0281662, 14.6122644],
            [121.0281357, 14.6121363],
            [121.0280258, 14.611817],
            [121.0279721, 14.611664],
            [121.0279252, 14.6115092],
            [121.0279115, 14.6114247],
            [121.0279076, 14.6113597],
            [121.0279155, 14.6113083],
            [121.0279512, 14.611208],
            [121.0279584, 14.6111726],
            [121.0280165, 14.6110271],
            [121.0281897, 14.6109839],
            [121.0284212, 14.6108887],
            [121.0285922, 14.6108329],
            [121.0288253, 14.6103997],
            [121.0288916, 14.6103004],
            [121.0293088, 14.6098485],
            [121.0296184, 14.6095569],
            [121.0296884, 14.6096098],
            [121.0297633, 14.6096631],
            [121.0298859, 14.6097482],
            [121.0299556, 14.6097968],
            [121.0300322, 14.6098561],
            [121.0301082, 14.6099113],
            [121.0304384, 14.6101438],
            [121.0305455, 14.6102228],
            [121.0306798, 14.6103324],
            [121.0308798, 14.6104909],
            [121.0309046, 14.6105122],
            [121.0309343, 14.6105327],
            [121.031063, 14.6106215],
            [121.0311852, 14.6106922],
            [121.0312689, 14.6107384],
            [121.0313309, 14.6107637],
            [121.031407, 14.6107891],
            [121.0314429, 14.6107914],
            [121.0316157, 14.6108091],
            [121.0317285, 14.6108051],
            [121.0319843, 14.610797],
            [121.0320647, 14.610794],
            [121.0322853, 14.6107956],
            [121.0323598, 14.6108017]
          ]
        ]
      },
      "id": "relation/154428"
    },
    {
      "type": "Feature",
      "properties": {
        "@id": "relation/154429",
        "admin_level": "10",
        "alt_name": "Pasadeña",
        "border_type": "barangay",
        "boundary": "administrative",
        "name": "Pasadena",
        "old_ref": "137405012",
        "population": "4643",
        "population:date": "2024-07-01",
        "ref": "1381400012",
        "type": "boundary",
        "wikidata": "Q120769447"
      },
      "geometry": {
        "type": "Polygon",
        "coordinates": [
          [
            [121.0356082, 14.6086928],
            [121.0353238, 14.6088145],
            [121.0352143, 14.6089671],
            [121.0348568, 14.6094131],
            [121.0346766, 14.609438],
            [121.0343474, 14.6094571],
            [121.0339011, 14.6095485],
            [121.0336672, 14.6096889],
            [121.0334107, 14.6099756],
            [121.0328741, 14.6107088],
            [121.0327126, 14.6108919],
            [121.032565, 14.6108464],
            [121.0323598, 14.6108017],
            [121.0322853, 14.6107956],
            [121.0320647, 14.610794],
            [121.0319843, 14.610797],
            [121.0317285, 14.6108051],
            [121.0316157, 14.6108091],
            [121.0314429, 14.6107914],
            [121.031407, 14.6107891],
            [121.0313309, 14.6107637],
            [121.0312689, 14.6107384],
            [121.0311852, 14.6106922],
            [121.031063, 14.6106215],
            [121.0309343, 14.6105327],
            [121.0309046, 14.6105122],
            [121.0308798, 14.6104909],
            [121.0306798, 14.6103324],
            [121.0305455, 14.6102228],
            [121.0304384, 14.6101438],
            [121.0301082, 14.6099113],
            [121.0300322, 14.6098561],
            [121.0299556, 14.6097968],
            [121.0300177, 14.6097406],
            [121.0300815, 14.6096895],
            [121.0307117, 14.6091571],
            [121.030823, 14.6090748],
            [121.030847, 14.609057],
            [121.0308873, 14.6090402],
            [121.0309046, 14.6089637],
            [121.0309255, 14.6089199],
            [121.0315835, 14.6079438],
            [121.0318504, 14.6075497],
            [121.032076, 14.6072892],
            [121.0321148, 14.6072611],
            [121.0325906, 14.6069902],
            [121.0326921, 14.6069355],
            [121.0334762, 14.6064992],
            [121.0335904, 14.6063921],
            [121.0336318, 14.6064049],
            [121.0337323, 14.6064246],
            [121.0338959, 14.6064609],
            [121.0339908, 14.606477],
            [121.0340937, 14.6064759],
            [121.0341809, 14.6064512],
            [121.0342473, 14.6064019],
            [121.0343526, 14.6063039],
            [121.0349661, 14.6057141],
            [121.0350895, 14.6056271],
            [121.035178, 14.6055921],
            [121.0352853, 14.6055661],
            [121.0354167, 14.6055518],
            [121.0355052, 14.6055596],
            [121.035562, 14.605572],
            [121.0356179, 14.6055843],
            [121.0357265, 14.605631],
            [121.0360349, 14.6057598],
            [121.036315, 14.6058967],
            [121.0363501, 14.6059262],
            [121.0364549, 14.6059973],
            [121.0368223, 14.6059671],
            [121.0372635, 14.6059218],
            [121.0373061, 14.6059576],
            [121.0375653, 14.6061821],
            [121.0376663, 14.6062634],
            [121.0377321, 14.6063141],
            [121.0376133, 14.6064446],
            [121.0372834, 14.6067543],
            [121.0370345, 14.6076347],
            [121.0368916, 14.6079957],
            [121.0368975, 14.608417],
            [121.0368149, 14.608499],
            [121.0363622, 14.6086678],
            [121.0362119, 14.6086815],
            [121.0359383, 14.6086822],
            [121.0356082, 14.6086928]
          ]
        ]
      },
      "id": "relation/154429"
    },
    {
      "type": "Feature",
      "properties": {
        "@id": "relation/154430",
        "admin_level": "10",
        "border_type": "barangay",
        "boundary": "administrative",
        "name": "Little Baguio",
        "old_ref": "137405009",
        "population": "6643",
        "population:date": "2024-07-01",
        "ref": "1381400009",
        "type": "boundary",
        "wikidata": "Q120769440"
      },
      "geometry": {
        "type": "Polygon",
        "coordinates": [
          [
            [121.03862, 14.6037556],
            [121.0382309, 14.6039377],
            [121.0380968, 14.6039626],
            [121.0379175, 14.6040414],
            [121.0378572, 14.6041495],
            [121.0378614, 14.6043178],
            [121.0378692, 14.6044065],
            [121.0379266, 14.6046164],
            [121.0377895, 14.605116],
            [121.0376878, 14.6053824],
            [121.0378569, 14.6057527],
            [121.0378163, 14.6059379],
            [121.0377151, 14.6061407],
            [121.0377288, 14.6062482],
            [121.0377321, 14.6063141],
            [121.0376663, 14.6062634],
            [121.0375653, 14.6061821],
            [121.0373061, 14.6059576],
            [121.0372635, 14.6059218],
            [121.0371175, 14.6057864],
            [121.0370199, 14.6056989],
            [121.0369361, 14.6056243],
            [121.0368679, 14.6055242],
            [121.0367856, 14.6053719],
            [121.0366814, 14.6051989],
            [121.0365312, 14.6050073],
            [121.0364718, 14.6049323],
            [121.0364287, 14.6049],
            [121.0363554, 14.6048933],
            [121.0362205, 14.6048976],
            [121.035952, 14.6049127],
            [121.0358411, 14.6049192],
            [121.0357579, 14.6049243],
            [121.0357292, 14.6049266],
            [121.0355283, 14.6049421],
            [121.0354835, 14.6049466],
            [121.0351808, 14.6049809],
            [121.0351145, 14.6049843],
            [121.0345327, 14.6050509],
            [121.0342869, 14.6050745],
            [121.0340875, 14.6050958],
            [121.0340171, 14.6051038],
            [121.0339721, 14.6051101],
            [121.0337864, 14.6051288],
            [121.0334265, 14.60516],
            [121.0333723, 14.6051549],
            [121.0333221, 14.6051206],
            [121.0332549, 14.6050547],
            [121.0330693, 14.6048592],
            [121.0330208, 14.6048124],
            [121.0328955, 14.6046934],
            [121.0327472, 14.6045766],
            [121.0326691, 14.604521],
            [121.0326104, 14.6044801],
            [121.0325407, 14.6044241],
            [121.0325968, 14.6043903],
            [121.0326196, 14.6043674],
            [121.032661, 14.6043217],
            [121.0327235, 14.6042301],
            [121.0328024, 14.6040829],
            [121.0328995, 14.6039123],
            [121.0334948, 14.6028832],
            [121.0335294, 14.6028309],
            [121.033863, 14.6024546],
            [121.0339012, 14.6024135],
            [121.0340127, 14.6022909],
            [121.0340736, 14.6022467],
            [121.0341503, 14.6022118],
            [121.0343236, 14.6021952],
            [121.034409, 14.6021985],
            [121.0345078, 14.602214],
            [121.0349215, 14.6023154],
            [121.0350593, 14.6023437],
            [121.0351693, 14.6023546],
            [121.0351934, 14.602357],
            [121.0352544, 14.6023373],
            [121.0353, 14.6023152],
            [121.0353758, 14.6022415],
            [121.0354268, 14.6021789],
            [121.0354667, 14.6021092],
            [121.0354804, 14.6020725],
            [121.0355081, 14.6019998],
            [121.0355381, 14.6019138],
            [121.0356238, 14.6016683],
            [121.0356326, 14.6016446],
            [121.0356715, 14.6015394],
            [121.0356769, 14.6015248],
            [121.0357373, 14.601376],
            [121.035754, 14.6013347],
            [121.035915, 14.6010518],
            [121.0359735, 14.6009421],
            [121.03605, 14.6008084],
            [121.0361966, 14.6005521],
            [121.0364693, 14.600131],
            [121.0365455, 14.6000087],
            [121.0366256, 14.5998833],
            [121.0367058, 14.5997574],
            [121.0368893, 14.5994754],
            [121.0369261, 14.5994161],
            [121.0369892, 14.5993153],
            [121.0370904, 14.5991609],
            [121.0371765, 14.5990179],
            [121.0372023, 14.5989749],
            [121.037208, 14.5989654],
            [121.0372342, 14.5989062],
            [121.0373414, 14.598702],
            [121.037413, 14.598555],
            [121.0375032, 14.598378],
            [121.0375555, 14.598284],
            [121.0376311, 14.5980072],
            [121.037642, 14.5979617],
            [121.0376874, 14.5977396],
            [121.0377211, 14.597578],
            [121.0377323, 14.5975256],
            [121.0377565, 14.5974126],
            [121.0377852, 14.5972759],
            [121.0378113, 14.5971636],
            [121.0378646, 14.5971948],
            [121.0380671, 14.5972665],
            [121.0382002, 14.5973112],
            [121.0385195, 14.5973826],
            [121.0386262, 14.5973947],
            [121.0388506, 14.5974201],
            [121.0389304, 14.5974378],
            [121.0390065, 14.597463],
            [121.039068, 14.5974763],
            [121.0391212, 14.5974871],
            [121.039175, 14.5974906],
            [121.0392248, 14.5974858],
            [121.0392471, 14.5975671],
            [121.0395395, 14.5979697],
            [121.039669, 14.5982874],
            [121.0397205, 14.5985615],
            [121.0396947, 14.5988272],
            [121.0397462, 14.5991097],
            [121.0397462, 14.599201],
            [121.0400037, 14.599201],
            [121.0404329, 14.5989934],
            [121.0407762, 14.5989352],
            [121.0412139, 14.599093],
            [121.0413341, 14.5993173],
            [121.041377, 14.5995914],
            [121.0415229, 14.5998074],
            [121.0418148, 14.6000316],
            [121.0419521, 14.6002393],
            [121.0418062, 14.6004884],
            [121.0415916, 14.6009453],
            [121.0415229, 14.6010865],
            [121.0416173, 14.6014021],
            [121.04148, 14.6017842],
            [121.0413084, 14.6020582],
            [121.040965, 14.6020084],
            [121.0407934, 14.6021994],
            [121.0405101, 14.6025649],
            [121.040287, 14.6027476],
            [121.0399351, 14.6029137],
            [121.0398063, 14.6030549],
            [121.0393428, 14.602947],
            [121.0392255, 14.6028561],
            [121.0390779, 14.6029356],
            [121.0389756, 14.6031017],
            [121.0389039, 14.6033347],
            [121.0388193, 14.6036197],
            [121.0386752, 14.6037237],
            [121.03862, 14.6037556]
          ]
        ]
      },
      "id": "relation/154430"
    },
    {
      "type": "Feature",
      "properties": {
        "@id": "relation/1580817",
        "admin_level": "10",
        "border_type": "barangay",
        "boundary": "administrative",
        "name": "Addition Hills",
        "old_ref": "137405001",
        "population": "5436",
        "population:date": "2024-07-01",
        "ref": "1381400001",
        "type": "boundary",
        "wikidata": "Q120769430"
      },
      "geometry": {
        "type": "Polygon",
        "coordinates": [
          [
            [121.0392014, 14.5973979],
            [121.0392248, 14.5974858],
            [121.039175, 14.5974906],
            [121.0391212, 14.5974871],
            [121.039068, 14.5974763],
            [121.0390065, 14.597463],
            [121.0389304, 14.5974378],
            [121.0388506, 14.5974201],
            [121.0386262, 14.5973947],
            [121.0385195, 14.5973826],
            [121.0382002, 14.5973112],
            [121.0380671, 14.5972665],
            [121.0378646, 14.5971948],
            [121.0378113, 14.5971636],
            [121.037863, 14.5970474],
            [121.0379027, 14.5968932],
            [121.0379671, 14.5966431],
            [121.037986, 14.5965147],
            [121.0380035, 14.5964099],
            [121.0380215, 14.5963018],
            [121.0380301, 14.5960758],
            [121.0379222, 14.5956584],
            [121.0377956, 14.5953806],
            [121.0377798, 14.5953459],
            [121.0376338, 14.5950256],
            [121.0375651, 14.5948603],
            [121.0374767, 14.5946072],
            [121.0374474, 14.5945275],
            [121.0373506, 14.594416],
            [121.0372127, 14.5941698],
            [121.0371018, 14.5940327],
            [121.0368557, 14.5938846],
            [121.0366527, 14.5937867],
            [121.0364465, 14.5936906],
            [121.0363172, 14.5936271],
            [121.0359017, 14.5934282],
            [121.0357969, 14.5933817],
            [121.0357491, 14.5933738],
            [121.035634, 14.5933979],
            [121.0352938, 14.5935187],
            [121.0352651, 14.5935228],
            [121.0350829, 14.5935485],
            [121.0348367, 14.5935358],
            [121.034499, 14.5935258],
            [121.0340883, 14.5935689],
            [121.0338109, 14.5936012],
            [121.0335244, 14.5936424],
            [121.033108, 14.5935399],
            [121.03288, 14.5934768],
            [121.0321935, 14.5932982],
            [121.0321202, 14.5932835],
            [121.0320773, 14.5932803],
            [121.0320764, 14.5932745],
            [121.0320646, 14.5932335],
            [121.0319861, 14.5931213],
            [121.0318475, 14.5929199],
            [121.0317937, 14.5927821],
            [121.0318621, 14.5925842],
            [121.0319392, 14.5924979],
            [121.0320888, 14.5925128],
            [121.0323804, 14.5926386],
            [121.0324629, 14.5926418],
            [121.0326024, 14.5924834],
            [121.0328738, 14.5921871],
            [121.0331522, 14.5919291],
            [121.0332901, 14.5916923],
            [121.0333251, 14.5916472],
            [121.033424, 14.5916776],
            [121.0336439, 14.5917234],
            [121.0337423, 14.591763],
            [121.0338333, 14.5917547],
            [121.033925, 14.5917012],
            [121.034006, 14.5916188],
            [121.0340704, 14.5915216],
            [121.0342355, 14.5912918],
            [121.0343171, 14.5912094],
            [121.0345223, 14.5910045],
            [121.0346907, 14.5907468],
            [121.0347138, 14.5907647],
            [121.0348543, 14.5908502],
            [121.0356758, 14.5912301],
            [121.0357463, 14.5912606],
            [121.0368857, 14.5918167],
            [121.0369231, 14.5918347],
            [121.0370925, 14.5919138],
            [121.0373348, 14.5919735],
            [121.0374228, 14.5919997],
            [121.0374852, 14.5920183],
            [121.0377387, 14.5920937],
            [121.0377907, 14.5921066],
            [121.0378592, 14.5921235],
            [121.03802, 14.5921632],
            [121.0383122, 14.5921986],
            [121.038689, 14.5921922],
            [121.0388996, 14.5921886],
            [121.0389386, 14.5921879],
            [121.0390828, 14.5921877],
            [121.0392677, 14.5921875],
            [121.0393287, 14.592188],
            [121.0395214, 14.5921851],
            [121.0404465, 14.5921807],
            [121.0405641, 14.5921796],
            [121.0406834, 14.5921771],
            [121.0415562, 14.5921589],
            [121.0415988, 14.592158],
            [121.0415334, 14.5923433],
            [121.0412859, 14.5930509],
            [121.0419469, 14.593258],
            [121.0425595, 14.5934575],
            [121.0426562, 14.5934828],
            [121.0427658, 14.5935113],
            [121.0428057, 14.5935217],
            [121.0429129, 14.5935497],
            [121.0430225, 14.5935783],
            [121.0432677, 14.5936427],
            [121.043409, 14.5936793],
            [121.0432956, 14.5938297],
            [121.0431929, 14.5939659],
            [121.0429084, 14.5938803],
            [121.0426555, 14.5937507],
            [121.0424548, 14.5940079],
            [121.0422597, 14.5943304],
            [121.0422872, 14.595077],
            [121.0420731, 14.5952547],
            [121.0420643, 14.5955362],
            [121.0419882, 14.5956878],
            [121.0418421, 14.5958816],
            [121.0416878, 14.5960302],
            [121.0417044, 14.5962703],
            [121.0415511, 14.5964113],
            [121.0413891, 14.5963681],
            [121.041105, 14.5962046],
            [121.040905, 14.5960292],
            [121.0406644, 14.5959051],
            [121.0403221, 14.5960475],
            [121.0401521, 14.5961537],
            [121.0400619, 14.5962873],
            [121.0400129, 14.5964317],
            [121.039749, 14.5965763],
            [121.0394799, 14.5968258],
            [121.0393143, 14.5969626],
            [121.0392145, 14.5972413],
            [121.039201, 14.5973341],
            [121.0392014, 14.5973979]
          ]
        ]
      },
      "id": "relation/1580817"
    },
    {
      "type": "Feature",
      "properties": {
        "@id": "relation/1580818",
        "admin_level": "10",
        "border_type": "barangay",
        "boundary": "administrative",
        "name": "Santa Lucia",
        "old_ref": "137405018",
        "population": "9134",
        "population:date": "2024-07-01",
        "ref": "1381400018",
        "short_name": "Sta. Lucia",
        "type": "boundary",
        "wikidata": "Q120769455"
      },
      "geometry": {
        "type": "Polygon",
        "coordinates": [
          [
            [121.0369261, 14.5994161],
            [121.0368893, 14.5994754],
            [121.0367058, 14.5997574],
            [121.0366256, 14.5998833],
            [121.0365455, 14.6000087],
            [121.0364693, 14.600131],
            [121.0361966, 14.6005521],
            [121.03605, 14.6008084],
            [121.0359735, 14.6009421],
            [121.035915, 14.6010518],
            [121.035754, 14.6013347],
            [121.0357373, 14.601376],
            [121.0356769, 14.6015248],
            [121.0356715, 14.6015394],
            [121.0356326, 14.6016446],
            [121.0356238, 14.6016683],
            [121.0355381, 14.6019138],
            [121.0355081, 14.6019998],
            [121.0354804, 14.6020725],
            [121.0354667, 14.6021092],
            [121.0354268, 14.6021789],
            [121.0353758, 14.6022415],
            [121.0353, 14.6023152],
            [121.0352544, 14.6023373],
            [121.0351934, 14.602357],
            [121.0351693, 14.6023546],
            [121.0350593, 14.6023437],
            [121.0349215, 14.6023154],
            [121.0345078, 14.602214],
            [121.034409, 14.6021985],
            [121.0343236, 14.6021952],
            [121.0341503, 14.6022118],
            [121.0341256, 14.602175],
            [121.0339439, 14.6019038],
            [121.0338275, 14.6018026],
            [121.033694, 14.6017267],
            [121.0336173, 14.6016929],
            [121.0333837, 14.6015901],
            [121.0331973, 14.6014986],
            [121.0329705, 14.6013832],
            [121.0327738, 14.6012745],
            [121.0328112, 14.6011275],
            [121.0328199, 14.6009515],
            [121.0328182, 14.6009189],
            [121.0328095, 14.6008206],
            [121.0333079, 14.6004803],
            [121.0334382, 14.6003143],
            [121.0334974, 14.6002081],
            [121.0335042, 14.6001065],
            [121.033465, 14.6000147],
            [121.0333643, 14.5999378],
            [121.0332245, 14.5998639],
            [121.0331431, 14.5997989],
            [121.0330859, 14.5997235],
            [121.0330419, 14.599655],
            [121.0330091, 14.5995912],
            [121.0329996, 14.5994737],
            [121.0329237, 14.599133],
            [121.0328624, 14.5988822],
            [121.0327644, 14.5985454],
            [121.032638, 14.5982946],
            [121.0325939, 14.5981771],
            [121.0325494, 14.5979974],
            [121.0325179, 14.5977846],
            [121.0325054, 14.5976751],
            [121.0325025, 14.5976028],
            [121.0325099, 14.5975185],
            [121.0325218, 14.597435],
            [121.0325273, 14.5973128],
            [121.0325119, 14.597235],
            [121.0324824, 14.5971701],
            [121.0324267, 14.5970988],
            [121.0323265, 14.5970225],
            [121.0320692, 14.5968382],
            [121.0319506, 14.5967555],
            [121.0316849, 14.5965675],
            [121.0315187, 14.59645],
            [121.0310153, 14.5960939],
            [121.0307836, 14.59593],
            [121.0309924, 14.5956626],
            [121.0310679, 14.5956003],
            [121.0311337, 14.5955751],
            [121.03163, 14.5954684],
            [121.0316611, 14.595463],
            [121.0317577, 14.5954509],
            [121.0322035, 14.5954044],
            [121.0322446, 14.5954001],
            [121.0323722, 14.5953819],
            [121.0326414, 14.5953339],
            [121.0329203, 14.5952842],
            [121.033104, 14.5952504],
            [121.0332153, 14.5952299],
            [121.033449, 14.5954091],
            [121.0336263, 14.595545],
            [121.033674, 14.5955816],
            [121.0337901, 14.5956495],
            [121.0341496, 14.5958218],
            [121.0341706, 14.5958318],
            [121.0345718, 14.595917],
            [121.0349368, 14.5959627],
            [121.035185, 14.5959726],
            [121.0352618, 14.5959732],
            [121.0352866, 14.5959734],
            [121.0353483, 14.5959739],
            [121.0356042, 14.595976],
            [121.0356335, 14.5959823],
            [121.0357251, 14.5960018],
            [121.0357576, 14.5960163],
            [121.035835, 14.5960508],
            [121.0360177, 14.5961823],
            [121.0360497, 14.5962053],
            [121.0363724, 14.5963718],
            [121.0367393, 14.5965635],
            [121.0367866, 14.5965875],
            [121.0369814, 14.5966885],
            [121.0370675, 14.5967329],
            [121.037141, 14.5967755],
            [121.037189, 14.5968044],
            [121.0372912, 14.5968625],
            [121.0374197, 14.5969332],
            [121.0377515, 14.5971276],
            [121.0378113, 14.5971636],
            [121.0377852, 14.5972759],
            [121.0377565, 14.5974126],
            [121.0377323, 14.5975256],
            [121.0377211, 14.597578],
            [121.0376874, 14.5977396],
            [121.037642, 14.5979617],
            [121.0376311, 14.5980072],
            [121.0375555, 14.598284],
            [121.0375032, 14.598378],
            [121.037413, 14.598555],
            [121.0373414, 14.598702],
            [121.0372342, 14.5989062],
            [121.037208, 14.5989654],
            [121.0372023, 14.5989749],
            [121.0371765, 14.5990179],
            [121.0370904, 14.5991609],
            [121.0369892, 14.5993153],
            [121.0369261, 14.5994161]
          ]
        ]
      },
      "id": "relation/1580818"
    },
    {
      "type": "Feature",
      "properties": {
        "@id": "relation/1693452",
        "admin_level": "10",
        "border_type": "barangay",
        "boundary": "administrative",
        "name": "Balong-Bato",
        "old_ref": "137405002",
        "population": "7528",
        "population:date": "2024-07-01",
        "ref": "1381400002",
        "type": "boundary",
        "wikidata": "Q120769431"
      },
      "geometry": {
        "type": "Polygon",
        "coordinates": [
          [
            [121.0296184, 14.6095569],
            [121.0293088, 14.6098485],
            [121.0288916, 14.6103004],
            [121.0288253, 14.6103997],
            [121.0285922, 14.6108329],
            [121.0284212, 14.6108887],
            [121.0281897, 14.6109839],
            [121.0280165, 14.6110271],
            [121.0279584, 14.6111726],
            [121.0274587, 14.6110096],
            [121.0260457, 14.610568],
            [121.0254885, 14.6103824],
            [121.0248658, 14.610195],
            [121.0247818, 14.6101561],
            [121.0227646, 14.6094659],
            [121.0224252, 14.6092627],
            [121.0222684, 14.6091427],
            [121.0219135, 14.6088317],
            [121.0220838, 14.6085433],
            [121.0222199, 14.6082751],
            [121.0223518, 14.6079911],
            [121.0223175, 14.6076786],
            [121.0225709, 14.6072916],
            [121.0226276, 14.6071993],
            [121.0226955, 14.6070106],
            [121.0228068, 14.6068398],
            [121.0229171, 14.6066835],
            [121.0230186, 14.6065708],
            [121.0231304, 14.6064544],
            [121.0231457, 14.6064411],
            [121.0231701, 14.6064199],
            [121.0233295, 14.6062814],
            [121.0235345, 14.606066],
            [121.0236108, 14.6061364],
            [121.0236932, 14.6061927],
            [121.0239483, 14.6063264],
            [121.0241177, 14.6064203],
            [121.0243047, 14.6064988],
            [121.0246517, 14.6066211],
            [121.0247815, 14.6066627],
            [121.0250821, 14.6067492],
            [121.0253379, 14.6068238],
            [121.0255449, 14.6068801],
            [121.0258139, 14.6069713],
            [121.0258369, 14.6069818],
            [121.0259825, 14.6070563],
            [121.026133, 14.6071416],
            [121.0262449, 14.6072136],
            [121.0262736, 14.6072353],
            [121.026321, 14.6072666],
            [121.0263561, 14.6072942],
            [121.0264157, 14.6073526],
            [121.0266305, 14.6075473],
            [121.0267157, 14.607623],
            [121.026797, 14.6076973],
            [121.0268124, 14.6077116],
            [121.0268734, 14.6077573],
            [121.0269755, 14.6078209],
            [121.027232, 14.6079306],
            [121.0278373, 14.6081768],
            [121.0279638, 14.6082483],
            [121.0280072, 14.6082832],
            [121.028201, 14.608422],
            [121.0285513, 14.6086923],
            [121.0287795, 14.6088636],
            [121.0288823, 14.6089444],
            [121.0290299, 14.6090688],
            [121.0294625, 14.6094393],
            [121.0295072, 14.6094738],
            [121.0295536, 14.6095109],
            [121.0296184, 14.6095569]
          ]
        ]
      },
      "id": "relation/1693452"
    },
    {
      "type": "Feature",
      "properties": {
        "@id": "relation/1693453",
        "admin_level": "10",
        "border_type": "barangay",
        "boundary": "administrative",
        "name": "Corazon de Jesus",
        "old_ref": "137405004",
        "population": "9220",
        "population:date": "2024-07-01",
        "ref": "1381400004",
        "type": "boundary",
        "wikidata": "Q120769434"
      },
      "geometry": {
        "type": "Polygon",
        "coordinates": [
          [
            [121.0308873, 14.6090402],
            [121.030847, 14.609057],
            [121.030823, 14.6090748],
            [121.0307117, 14.6091571],
            [121.0300815, 14.6096895],
            [121.0300177, 14.6097406],
            [121.0299556, 14.6097968],
            [121.0298859, 14.6097482],
            [121.0297633, 14.6096631],
            [121.0296884, 14.6096098],
            [121.0296184, 14.6095569],
            [121.0295536, 14.6095109],
            [121.0295072, 14.6094738],
            [121.0294625, 14.6094393],
            [121.0290299, 14.6090688],
            [121.0288823, 14.6089444],
            [121.0287795, 14.6088636],
            [121.0285513, 14.6086923],
            [121.028201, 14.608422],
            [121.0280072, 14.6082832],
            [121.0279638, 14.6082483],
            [121.0278373, 14.6081768],
            [121.027232, 14.6079306],
            [121.0269755, 14.6078209],
            [121.0268734, 14.6077573],
            [121.0269461, 14.6076619],
            [121.0270045, 14.60761],
            [121.0275911, 14.607192],
            [121.0276426, 14.6071521],
            [121.0276815, 14.6071136],
            [121.0277082, 14.6070674],
            [121.0277794, 14.6067756],
            [121.0278026, 14.606605],
            [121.0278204, 14.6063372],
            [121.0278385, 14.6060163],
            [121.0278489, 14.6058308],
            [121.0278524, 14.605812],
            [121.0278755, 14.6056931],
            [121.0278829, 14.6056741],
            [121.0279035, 14.6056428],
            [121.0280096, 14.605511],
            [121.0280625, 14.6054439],
            [121.0281443, 14.6053455],
            [121.0281813, 14.6053051],
            [121.0281992, 14.6052917],
            [121.0282572, 14.6052467],
            [121.0285798, 14.6050381],
            [121.0285953, 14.6050303],
            [121.0287165, 14.60495],
            [121.0288389, 14.6048775],
            [121.0287347, 14.6048202],
            [121.0285707, 14.6047211],
            [121.0285496, 14.6047005],
            [121.0285395, 14.6046836],
            [121.0285366, 14.6046621],
            [121.0287412, 14.6042157],
            [121.0288248, 14.6040645],
            [121.0290846, 14.6035747],
            [121.0292339, 14.6032277],
            [121.029299, 14.6030766],
            [121.0297684, 14.6032522],
            [121.029926, 14.6033079],
            [121.0300008, 14.6033363],
            [121.0300805, 14.6033826],
            [121.0301594, 14.603436],
            [121.030236, 14.6034991],
            [121.0303232, 14.6035963],
            [121.0303702, 14.6036398],
            [121.0304033, 14.6037541],
            [121.0304785, 14.6038193],
            [121.0304905, 14.6038138],
            [121.0305525, 14.6037953],
            [121.0306019, 14.6037924],
            [121.0306391, 14.6037916],
            [121.0306834, 14.6037897],
            [121.030718, 14.603787],
            [121.0307911, 14.6037956],
            [121.0308939, 14.6038176],
            [121.0310437, 14.6038526],
            [121.0312285, 14.6038982],
            [121.0315604, 14.6039796],
            [121.0316138, 14.6039975],
            [121.0318566, 14.604088],
            [121.0319784, 14.6041392],
            [121.0320258, 14.6041598],
            [121.0321428, 14.6042133],
            [121.0322207, 14.6042515],
            [121.0322887, 14.6042822],
            [121.0323692, 14.6043213],
            [121.0324245, 14.6043488],
            [121.0324772, 14.6043806],
            [121.0325407, 14.6044241],
            [121.0326104, 14.6044801],
            [121.0326691, 14.604521],
            [121.0327472, 14.6045766],
            [121.0328955, 14.6046934],
            [121.0330208, 14.6048124],
            [121.0330693, 14.6048592],
            [121.0332549, 14.6050547],
            [121.0333221, 14.6051206],
            [121.0333723, 14.6051549],
            [121.0334265, 14.60516],
            [121.0337864, 14.6051288],
            [121.0339721, 14.6051101],
            [121.0340171, 14.6051038],
            [121.0340875, 14.6050958],
            [121.0342869, 14.6050745],
            [121.0345327, 14.6050509],
            [121.0351145, 14.6049843],
            [121.0351808, 14.6049809],
            [121.0354835, 14.6049466],
            [121.0355283, 14.6049421],
            [121.0357292, 14.6049266],
            [121.0357579, 14.6049243],
            [121.0358411, 14.6049192],
            [121.035952, 14.6049127],
            [121.0362205, 14.6048976],
            [121.0363554, 14.6048933],
            [121.0364287, 14.6049],
            [121.0364718, 14.6049323],
            [121.0365312, 14.6050073],
            [121.0366814, 14.6051989],
            [121.0367856, 14.6053719],
            [121.0368679, 14.6055242],
            [121.0369361, 14.6056243],
            [121.0370199, 14.6056989],
            [121.0371175, 14.6057864],
            [121.0372635, 14.6059218],
            [121.0368223, 14.6059671],
            [121.0364549, 14.6059973],
            [121.0363501, 14.6059262],
            [121.036315, 14.6058967],
            [121.0360349, 14.6057598],
            [121.0357265, 14.605631],
            [121.0356179, 14.6055843],
            [121.035562, 14.605572],
            [121.0355052, 14.6055596],
            [121.0354167, 14.6055518],
            [121.0352853, 14.6055661],
            [121.035178, 14.6055921],
            [121.0350895, 14.6056271],
            [121.0349661, 14.6057141],
            [121.0343526, 14.6063039],
            [121.0342473, 14.6064019],
            [121.0341809, 14.6064512],
            [121.0340937, 14.6064759],
            [121.0339908, 14.606477],
            [121.0338959, 14.6064609],
            [121.0337323, 14.6064246],
            [121.0336318, 14.6064049],
            [121.0335904, 14.6063921],
            [121.0334762, 14.6064992],
            [121.0326921, 14.6069355],
            [121.0325906, 14.6069902],
            [121.0321148, 14.6072611],
            [121.032076, 14.6072892],
            [121.0318504, 14.6075497],
            [121.0315835, 14.6079438],
            [121.0309255, 14.6089199],
            [121.0309046, 14.6089637],
            [121.0308873, 14.6090402]
          ]
        ]
      },
      "id": "relation/1693453"
    },
    {
      "type": "Feature",
      "properties": {
        "@id": "relation/1693454",
        "admin_level": "10",
        "boundary": "administrative",
        "name": "Isabelita",
        "old_ref": "137405007",
        "population": "1694",
        "population:date": "2024-07-01",
        "ref": "1381400007",
        "type": "boundary",
        "wikidata": "Q120769438"
      },
      "geometry": {
        "type": "Polygon",
        "coordinates": [
          [
            [121.0303103, 14.602103],
            [121.0304111, 14.6021225],
            [121.0308922, 14.602043],
            [121.0308462, 14.6021478],
            [121.0312677, 14.6023158],
            [121.0318115, 14.6025204],
            [121.0312524, 14.6038258],
            [121.0312285, 14.6038982],
            [121.0310437, 14.6038526],
            [121.0308939, 14.6038176],
            [121.0307911, 14.6037956],
            [121.030718, 14.603787],
            [121.0306834, 14.6037897],
            [121.0306391, 14.6037916],
            [121.0306019, 14.6037924],
            [121.0305525, 14.6037953],
            [121.0304905, 14.6038138],
            [121.0304785, 14.6038193],
            [121.0304033, 14.6037541],
            [121.0303702, 14.6036398],
            [121.0303232, 14.6035963],
            [121.030236, 14.6034991],
            [121.0301594, 14.603436],
            [121.0300805, 14.6033826],
            [121.0300008, 14.6033363],
            [121.029926, 14.6033079],
            [121.0297684, 14.6032522],
            [121.0303103, 14.602103]
          ]
        ]
      },
      "id": "relation/1693454"
    },
    {
      "type": "Feature",
      "properties": {
        "@id": "relation/1693455",
        "admin_level": "10",
        "border_type": "barangay",
        "boundary": "administrative",
        "name": "Pedro Cruz",
        "old_ref": "137405013",
        "population": "4971",
        "population:date": "2024-07-01",
        "ref": "1381400013",
        "type": "boundary",
        "wikidata": "Q120769449"
      },
      "geometry": {
        "type": "Polygon",
        "coordinates": [
          [
            [121.0288389, 14.6048775],
            [121.0287165, 14.60495],
            [121.0285953, 14.6050303],
            [121.0285798, 14.6050381],
            [121.0282572, 14.6052467],
            [121.0281992, 14.6052917],
            [121.0281813, 14.6053051],
            [121.0281443, 14.6053455],
            [121.0280625, 14.6054439],
            [121.0280096, 14.605511],
            [121.0279035, 14.6056428],
            [121.0278829, 14.6056741],
            [121.0278755, 14.6056931],
            [121.0278524, 14.605812],
            [121.0278489, 14.6058308],
            [121.0278385, 14.6060163],
            [121.0278204, 14.6063372],
            [121.0278026, 14.606605],
            [121.0277794, 14.6067756],
            [121.0277082, 14.6070674],
            [121.0276815, 14.6071136],
            [121.0276426, 14.6071521],
            [121.0275911, 14.607192],
            [121.0270045, 14.60761],
            [121.0269461, 14.6076619],
            [121.0268734, 14.6077573],
            [121.0268124, 14.6077116],
            [121.026797, 14.6076973],
            [121.0267157, 14.607623],
            [121.0266305, 14.6075473],
            [121.0264157, 14.6073526],
            [121.0263561, 14.6072942],
            [121.026321, 14.6072666],
            [121.0262736, 14.6072353],
            [121.0262449, 14.6072136],
            [121.026133, 14.6071416],
            [121.0259825, 14.6070563],
            [121.0258369, 14.6069818],
            [121.0258139, 14.6069713],
            [121.0255449, 14.6068801],
            [121.0253379, 14.6068238],
            [121.0250821, 14.6067492],
            [121.0247815, 14.6066627],
            [121.0246517, 14.6066211],
            [121.0243047, 14.6064988],
            [121.0241177, 14.6064203],
            [121.0239483, 14.6063264],
            [121.0236932, 14.6061927],
            [121.0236108, 14.6061364],
            [121.0235345, 14.606066],
            [121.0234239, 14.605962],
            [121.0233459, 14.6058748],
            [121.0233324, 14.605856],
            [121.0228604, 14.6052185],
            [121.0228244, 14.6051698],
            [121.0226176, 14.6048805],
            [121.022566, 14.6047993],
            [121.0227546, 14.6047007],
            [121.0228273, 14.6046711],
            [121.0229659, 14.6046149],
            [121.0232853, 14.6044709],
            [121.0237659, 14.6042695],
            [121.0239108, 14.6042137],
            [121.0240146, 14.6041737],
            [121.0241906, 14.604125],
            [121.0242821, 14.6041061],
            [121.0246999, 14.6040173],
            [121.0249699, 14.6039517],
            [121.0251161, 14.603912],
            [121.0253067, 14.6038575],
            [121.0254425, 14.6038016],
            [121.0256142, 14.6036974],
            [121.0256808, 14.6036565],
            [121.0259399, 14.6035012],
            [121.0259981, 14.6034617],
            [121.0260089, 14.6034534],
            [121.02604, 14.603425],
            [121.0260669, 14.6034005],
            [121.026087, 14.6033821],
            [121.0261202, 14.6033382],
            [121.0274927, 14.6036969],
            [121.0278267, 14.6037842],
            [121.0288248, 14.6040645],
            [121.0287412, 14.6042157],
            [121.0285366, 14.6046621],
            [121.0285395, 14.6046836],
            [121.0285496, 14.6047005],
            [121.0285707, 14.6047211],
            [121.0287347, 14.6048202],
            [121.0288389, 14.6048775]
          ]
        ]
      },
      "id": "relation/1693455"
    },
    {
      "type": "Feature",
      "properties": {
        "@id": "relation/1693456",
        "admin_level": "10",
        "border_type": "barangay",
        "boundary": "administrative",
        "name": "Progreso",
        "old_ref": "137405014",
        "population": "1752",
        "population:date": "2024-07-01",
        "ref": "1381400014",
        "type": "boundary",
        "wikidata": "Q120769450"
      },
      "geometry": {
        "type": "Polygon",
        "coordinates": [
          [
            [121.0218437, 14.6038269],
            [121.0216093, 14.603971],
            [121.0215008, 14.6040828],
            [121.0213944, 14.604235],
            [121.0208999, 14.6048741],
            [121.02085, 14.6048933],
            [121.0204992, 14.6051134],
            [121.0201956, 14.6045802],
            [121.0198942, 14.603941],
            [121.0196633, 14.6031741],
            [121.0195915, 14.6028204],
            [121.0195402, 14.6025269],
            [121.019571, 14.602336],
            [121.0196368, 14.6021785],
            [121.0197807, 14.6019775],
            [121.0199877, 14.6018355],
            [121.0202572, 14.60162],
            [121.0203891, 14.6018478],
            [121.0204291, 14.6019077],
            [121.0205171, 14.6020398],
            [121.0206529, 14.6022046],
            [121.0209247, 14.6025726],
            [121.0209641, 14.6026286],
            [121.0211263, 14.6028644],
            [121.0212095, 14.6029774],
            [121.021518, 14.603383],
            [121.0215924, 14.6034882],
            [121.0216824, 14.6036137],
            [121.0218437, 14.6038269]
          ]
        ]
      },
      "id": "relation/1693456"
    },
    {
      "type": "Feature",
      "properties": {
        "@id": "relation/1693457",
        "admin_level": "10",
        "border_type": "barangay",
        "boundary": "administrative",
        "name": "Rivera",
        "old_ref": "137405015",
        "population": "2439",
        "population:date": "2024-07-01",
        "ref": "1381400015",
        "type": "boundary",
        "wikidata": "Q120769451"
      },
      "geometry": {
        "type": "Polygon",
        "coordinates": [
          [
            [121.0228068, 14.6068398],
            [121.0226955, 14.6070106],
            [121.0226276, 14.6071993],
            [121.0225709, 14.6072916],
            [121.0223175, 14.6076786],
            [121.0219474, 14.6071501],
            [121.0213826, 14.6064302],
            [121.0209541, 14.6058371],
            [121.0204992, 14.6051134],
            [121.02085, 14.6048933],
            [121.0208999, 14.6048741],
            [121.0213944, 14.604235],
            [121.0215008, 14.6040828],
            [121.0216093, 14.603971],
            [121.0218437, 14.6038269],
            [121.0219436, 14.6039616],
            [121.0221659, 14.6042663],
            [121.022346, 14.604512],
            [121.0224966, 14.6047146],
            [121.022566, 14.6047993],
            [121.0226176, 14.6048805],
            [121.0228244, 14.6051698],
            [121.0228604, 14.6052185],
            [121.0233324, 14.605856],
            [121.0233459, 14.6058748],
            [121.0234239, 14.605962],
            [121.0235345, 14.606066],
            [121.0233295, 14.6062814],
            [121.0231701, 14.6064199],
            [121.0231457, 14.6064411],
            [121.0231304, 14.6064544],
            [121.0230186, 14.6065708],
            [121.0229171, 14.6066835],
            [121.0228068, 14.6068398]
          ]
        ]
      },
      "id": "relation/1693457"
    },
    {
      "type": "Feature",
      "properties": {
        "@id": "relation/1693458",
        "admin_level": "10",
        "border_type": "barangay",
        "boundary": "administrative",
        "name": "San Perfecto",
        "old_ref": "137405017",
        "population": "4669",
        "population:date": "2024-07-01",
        "ref": "1381400017",
        "type": "boundary",
        "wikidata": "Q120769454"
      },
      "geometry": {
        "type": "Polygon",
        "coordinates": [
          [
            [121.0206176, 14.6018891],
            [121.0207115, 14.6018919],
            [121.0208424, 14.6019148],
            [121.0210524, 14.6019682],
            [121.0212456, 14.6020174],
            [121.0216872, 14.6021343],
            [121.0217755, 14.6021561],
            [121.0218425, 14.6021622],
            [121.0223753, 14.6024297],
            [121.023588, 14.6027102],
            [121.0240768, 14.6028233],
            [121.025912, 14.6033141],
            [121.026087, 14.6033821],
            [121.0260669, 14.6034005],
            [121.02604, 14.603425],
            [121.0260089, 14.6034534],
            [121.0259981, 14.6034617],
            [121.0259399, 14.6035012],
            [121.0256808, 14.6036565],
            [121.0256142, 14.6036974],
            [121.0254425, 14.6038016],
            [121.0253067, 14.6038575],
            [121.0251161, 14.603912],
            [121.0249699, 14.6039517],
            [121.0246999, 14.6040173],
            [121.0242821, 14.6041061],
            [121.0241906, 14.604125],
            [121.0240146, 14.6041737],
            [121.0239108, 14.6042137],
            [121.0237659, 14.6042695],
            [121.0232853, 14.6044709],
            [121.0229659, 14.6046149],
            [121.0228273, 14.6046711],
            [121.0227546, 14.6047007],
            [121.022566, 14.6047993],
            [121.0224966, 14.6047146],
            [121.022346, 14.604512],
            [121.0221659, 14.6042663],
            [121.0219436, 14.6039616],
            [121.0218437, 14.6038269],
            [121.0216824, 14.6036137],
            [121.0215924, 14.6034882],
            [121.021518, 14.603383],
            [121.0212095, 14.6029774],
            [121.0211263, 14.6028644],
            [121.0209641, 14.6026286],
            [121.0209247, 14.6025726],
            [121.0206529, 14.6022046],
            [121.0205171, 14.6020398],
            [121.0204291, 14.6019077],
            [121.0204422, 14.6018992],
            [121.0204665, 14.6018973],
            [121.0205854, 14.6018882],
            [121.0206176, 14.6018891]
          ]
        ]
      },
      "id": "relation/1693458"
    },
    {
      "type": "Feature",
      "properties": {
        "@id": "relation/2959716",
        "admin_level": "10",
        "border_type": "barangay",
        "boundary": "administrative",
        "name": "Batis",
        "old_ref": "137405003",
        "population": "7938",
        "population:date": "2024-07-01",
        "ref": "1381400003",
        "type": "boundary",
        "wikidata": "Q120769432"
      },
      "geometry": {
        "type": "Polygon",
        "coordinates": [
          [
            [121.0261202, 14.6033382],
            [121.026087, 14.6033821],
            [121.025912, 14.6033141],
            [121.0240768, 14.6028233],
            [121.023588, 14.6027102],
            [121.0223753, 14.6024297],
            [121.0218425, 14.6021622],
            [121.0217755, 14.6021561],
            [121.0216872, 14.6021343],
            [121.0212456, 14.6020174],
            [121.0210524, 14.6019682],
            [121.0208424, 14.6019148],
            [121.0207115, 14.6018919],
            [121.0206176, 14.6018891],
            [121.0205854, 14.6018882],
            [121.0204665, 14.6018973],
            [121.0204422, 14.6018992],
            [121.0204291, 14.6019077],
            [121.0203891, 14.6018478],
            [121.0202572, 14.60162],
            [121.0212828, 14.6009974],
            [121.0230254, 14.5999563],
            [121.0235661, 14.5995028],
            [121.0241308, 14.5986948],
            [121.0248637, 14.5974914],
            [121.0254805, 14.5962206],
            [121.0257445, 14.5956703],
            [121.0261896, 14.596002],
            [121.0269166, 14.5965478],
            [121.0271431, 14.5967064],
            [121.027682, 14.597111],
            [121.0279075, 14.5973349],
            [121.0280604, 14.5975283],
            [121.0281507, 14.5976782],
            [121.0282406, 14.5978273],
            [121.0285574, 14.598181],
            [121.0285754, 14.5982011],
            [121.0289606, 14.5985245],
            [121.0288708, 14.598611],
            [121.0288089, 14.5986773],
            [121.0287009, 14.5987865],
            [121.0285639, 14.5989187],
            [121.0284645, 14.5990242],
            [121.0284235, 14.5990797],
            [121.0283744, 14.5992053],
            [121.0283429, 14.5992842],
            [121.0283122, 14.5993795],
            [121.0283093, 14.5993909],
            [121.0282688, 14.5995407],
            [121.0282539, 14.5996125],
            [121.0282036, 14.5998433],
            [121.0281393, 14.600138],
            [121.0281196, 14.6002137],
            [121.0281158, 14.600228],
            [121.0280326, 14.6005476],
            [121.0279709, 14.6007591],
            [121.0279061, 14.6009645],
            [121.0278835, 14.6010338],
            [121.0278491, 14.6011484],
            [121.0277956, 14.6013075],
            [121.0277613, 14.6014006],
            [121.0277409, 14.6014573],
            [121.027695, 14.6015482],
            [121.027653, 14.6016313],
            [121.0275411, 14.6018296],
            [121.0275142, 14.6018837],
            [121.0274686, 14.6019729],
            [121.0274357, 14.6020428],
            [121.027382, 14.6021458],
            [121.0273111, 14.6022854],
            [121.0272064, 14.6024307],
            [121.0271261, 14.6025254],
            [121.0270641, 14.6025925],
            [121.026945, 14.6026994],
            [121.0265314, 14.6030025],
            [121.0263592, 14.6031274],
            [121.0263285, 14.6031494],
            [121.0261969, 14.6032528],
            [121.0261202, 14.6033382]
          ]
        ]
      },
      "id": "relation/2959716"
    },
    {
      "type": "Feature",
      "properties": {
        "@id": "relation/2959717",
        "admin_level": "10",
        "border_type": "barangay",
        "boundary": "administrative",
        "name": "Kabayanan",
        "old_ref": "137405008",
        "population": "6258",
        "population:date": "2024-07-01",
        "ref": "1381400008",
        "type": "boundary",
        "wikidata": "Q120769439"
      },
      "geometry": {
        "type": "Polygon",
        "coordinates": [
          [
            [121.0325218, 14.597435],
            [121.0325099, 14.5975185],
            [121.0325025, 14.5976028],
            [121.0325054, 14.5976751],
            [121.0325179, 14.5977846],
            [121.0325494, 14.5979974],
            [121.0325939, 14.5981771],
            [121.032638, 14.5982946],
            [121.0327644, 14.5985454],
            [121.0328624, 14.5988822],
            [121.0329237, 14.599133],
            [121.0329996, 14.5994737],
            [121.0327505, 14.5994123],
            [121.0326406, 14.599412],
            [121.0325367, 14.5994289],
            [121.0321629, 14.5995235],
            [121.0320275, 14.5995278],
            [121.0318956, 14.5994919],
            [121.0318057, 14.5994364],
            [121.031691, 14.5993501],
            [121.0316704, 14.5993327],
            [121.0315505, 14.5992328],
            [121.0313324, 14.5990534],
            [121.0311581, 14.5989072],
            [121.0309998, 14.5987997],
            [121.0309615, 14.5987762],
            [121.0307879, 14.5986651],
            [121.0303621, 14.5984411],
            [121.0299899, 14.5982458],
            [121.0299343, 14.5982044],
            [121.0298502, 14.5982441],
            [121.0297472, 14.5982589],
            [121.0296632, 14.5982741],
            [121.0293147, 14.5983374],
            [121.0291887, 14.5983764],
            [121.029084, 14.5984361],
            [121.0289606, 14.5985245],
            [121.0285754, 14.5982011],
            [121.0285574, 14.598181],
            [121.0282406, 14.5978273],
            [121.0281507, 14.5976782],
            [121.0280604, 14.5975283],
            [121.0279075, 14.5973349],
            [121.027682, 14.597111],
            [121.0271431, 14.5967064],
            [121.0269166, 14.5965478],
            [121.0261896, 14.596002],
            [121.0257445, 14.5956703],
            [121.0259406, 14.595349],
            [121.0260739, 14.5950968],
            [121.026263, 14.5951587],
            [121.0264763, 14.5954129],
            [121.0267566, 14.5958618],
            [121.0268578, 14.5959397],
            [121.0269136, 14.5959451],
            [121.0270075, 14.5959603],
            [121.0273172, 14.5958319],
            [121.0279678, 14.595418],
            [121.0280973, 14.5953365],
            [121.0284018, 14.5951134],
            [121.0285631, 14.5950382],
            [121.0286945, 14.595038],
            [121.0289992, 14.5952546],
            [121.0290922, 14.5952588],
            [121.0291555, 14.5951895],
            [121.0293055, 14.5950332],
            [121.0294191, 14.5948203],
            [121.0294827, 14.5947618],
            [121.0297799, 14.5947262],
            [121.029957, 14.5950546],
            [121.030024, 14.5951075],
            [121.030058, 14.5951297],
            [121.0300081, 14.5951675],
            [121.0298902, 14.5952653],
            [121.0297788, 14.5953583],
            [121.029706, 14.5954183],
            [121.0296905, 14.5954371],
            [121.0296812, 14.5954521],
            [121.0303628, 14.5957372],
            [121.0305623, 14.5958272],
            [121.0305797, 14.595837],
            [121.0306887, 14.5958878],
            [121.0307836, 14.59593],
            [121.0310153, 14.5960939],
            [121.0315187, 14.59645],
            [121.0316849, 14.5965675],
            [121.0319506, 14.5967555],
            [121.0320692, 14.5968382],
            [121.0323265, 14.5970225],
            [121.0324267, 14.5970988],
            [121.0324824, 14.5971701],
            [121.0325119, 14.597235],
            [121.0325273, 14.5973128],
            [121.0325218, 14.597435]
          ]
        ]
      },
      "id": "relation/2959717"
    },
    {
      "type": "Feature",
      "properties": {
        "@id": "relation/2959718",
        "admin_level": "10",
        "border_type": "barangay",
        "boundary": "administrative",
        "name": "Maytunas",
        "old_ref": "137405010",
        "population": "3308",
        "population:date": "2024-07-01",
        "ref": "1381400010",
        "type": "boundary",
        "wikidata": "Q120769442"
      },
      "geometry": {
        "type": "Polygon",
        "coordinates": [
          [
            [121.0376338, 14.5950256],
            [121.0377798, 14.5953459],
            [121.0377956, 14.5953806],
            [121.0379222, 14.5956584],
            [121.0380301, 14.5960758],
            [121.0380215, 14.5963018],
            [121.0380035, 14.5964099],
            [121.037986, 14.5965147],
            [121.0379671, 14.5966431],
            [121.0379027, 14.5968932],
            [121.037863, 14.5970474],
            [121.0378113, 14.5971636],
            [121.0377515, 14.5971276],
            [121.0374197, 14.5969332],
            [121.0372912, 14.5968625],
            [121.037189, 14.5968044],
            [121.037141, 14.5967755],
            [121.0370675, 14.5967329],
            [121.0369814, 14.5966885],
            [121.0367866, 14.5965875],
            [121.0367393, 14.5965635],
            [121.0363724, 14.5963718],
            [121.0360497, 14.5962053],
            [121.0360177, 14.5961823],
            [121.035835, 14.5960508],
            [121.0357576, 14.5960163],
            [121.0357251, 14.5960018],
            [121.0356335, 14.5959823],
            [121.0356042, 14.595976],
            [121.0353483, 14.5959739],
            [121.0352866, 14.5959734],
            [121.0352618, 14.5959732],
            [121.035185, 14.5959726],
            [121.0349368, 14.5959627],
            [121.0345718, 14.595917],
            [121.0341706, 14.5958318],
            [121.0341496, 14.5958218],
            [121.0337901, 14.5956495],
            [121.033674, 14.5955816],
            [121.0336263, 14.595545],
            [121.033449, 14.5954091],
            [121.0332153, 14.5952299],
            [121.033104, 14.5952504],
            [121.0329203, 14.5952842],
            [121.0326414, 14.5953339],
            [121.0323722, 14.5953819],
            [121.0322446, 14.5954001],
            [121.0322035, 14.5954044],
            [121.0317577, 14.5954509],
            [121.0316611, 14.595463],
            [121.03163, 14.5954684],
            [121.0311337, 14.5955751],
            [121.0310679, 14.5956003],
            [121.0309924, 14.5956626],
            [121.0307836, 14.59593],
            [121.0306887, 14.5958878],
            [121.0305797, 14.595837],
            [121.0305623, 14.5958272],
            [121.0303628, 14.5957372],
            [121.0296812, 14.5954521],
            [121.0296905, 14.5954371],
            [121.029706, 14.5954183],
            [121.0297788, 14.5953583],
            [121.0298902, 14.5952653],
            [121.0300081, 14.5951675],
            [121.030058, 14.5951297],
            [121.030024, 14.5951075],
            [121.029957, 14.5950546],
            [121.0297799, 14.5947262],
            [121.0299335, 14.5945427],
            [121.0300751, 14.5943944],
            [121.030212, 14.5943312],
            [121.0304703, 14.5942669],
            [121.0305411, 14.5942478],
            [121.0306086, 14.5942067],
            [121.0307219, 14.5941194],
            [121.0308142, 14.5940431],
            [121.030894, 14.5939862],
            [121.0311406, 14.5939707],
            [121.0312406, 14.5939582],
            [121.0313997, 14.5939382],
            [121.0315015, 14.5938871],
            [121.0315709, 14.593828],
            [121.0316757, 14.5936842],
            [121.0317326, 14.5935916],
            [121.031853, 14.5935084],
            [121.0319999, 14.5934564],
            [121.032044, 14.5934249],
            [121.0320811, 14.5933742],
            [121.0320819, 14.5933186],
            [121.032078, 14.593286],
            [121.0320773, 14.5932803],
            [121.0321202, 14.5932835],
            [121.0321935, 14.5932982],
            [121.03288, 14.5934768],
            [121.033108, 14.5935399],
            [121.0335244, 14.5936424],
            [121.0338109, 14.5936012],
            [121.0340883, 14.5935689],
            [121.034499, 14.5935258],
            [121.0348367, 14.5935358],
            [121.0350829, 14.5935485],
            [121.0352651, 14.5935228],
            [121.0352938, 14.5935187],
            [121.035634, 14.5933979],
            [121.0357491, 14.5933738],
            [121.0357969, 14.5933817],
            [121.0359017, 14.5934282],
            [121.0363172, 14.5936271],
            [121.0364465, 14.5936906],
            [121.0366527, 14.5937867],
            [121.0368557, 14.5938846],
            [121.0371018, 14.5940327],
            [121.0372127, 14.5941698],
            [121.0373506, 14.594416],
            [121.0374474, 14.5945275],
            [121.0374767, 14.5946072],
            [121.0375651, 14.5948603],
            [121.0376338, 14.5950256]
          ]
        ]
      },
      "id": "relation/2959718"
    },
    {
      "type": "Feature",
      "properties": {
        "@id": "relation/2959719",
        "admin_level": "10",
        "border_type": "barangay",
        "boundary": "administrative",
        "name": "Onse",
        "old_ref": "137405011",
        "population": "3636",
        "population:date": "2024-07-01",
        "ref": "1381400011",
        "type": "boundary",
        "wikidata": "Q7094533"
      },
      "geometry": {
        "type": "Polygon",
        "coordinates": [
          [
            [121.033694, 14.6017267],
            [121.0338275, 14.6018026],
            [121.0339439, 14.6019038],
            [121.0341256, 14.602175],
            [121.0341503, 14.6022118],
            [121.0340736, 14.6022467],
            [121.0340127, 14.6022909],
            [121.0339012, 14.6024135],
            [121.033863, 14.6024546],
            [121.0335294, 14.6028309],
            [121.0332625, 14.6026392],
            [121.0331575, 14.6025661],
            [121.0328519, 14.6023507],
            [121.0327262, 14.6022941],
            [121.0324845, 14.6021861],
            [121.0323686, 14.6021721],
            [121.0320557, 14.6021552],
            [121.0319538, 14.6021497],
            [121.0315918, 14.6021657],
            [121.0313391, 14.6021776],
            [121.0313204, 14.6021636],
            [121.0312677, 14.6023158],
            [121.0308462, 14.6021478],
            [121.0308922, 14.602043],
            [121.0304111, 14.6021225],
            [121.0303103, 14.602103],
            [121.0301066, 14.6019469],
            [121.0299187, 14.6018614],
            [121.0299303, 14.6017941],
            [121.029953, 14.6017092],
            [121.0299725, 14.6016695],
            [121.029992, 14.6016442],
            [121.030106, 14.6014698],
            [121.0301605, 14.6013746],
            [121.0301945, 14.6013055],
            [121.0302072, 14.6011904],
            [121.0302309, 14.6009787],
            [121.0302508, 14.6009045],
            [121.030291, 14.6008591],
            [121.030342, 14.600839],
            [121.0306054, 14.6007801],
            [121.0306585, 14.6007475],
            [121.0307054, 14.6007046],
            [121.0307402, 14.6006476],
            [121.0307711, 14.6005645],
            [121.0308186, 14.6003408],
            [121.0308247, 14.6003119],
            [121.0308596, 14.600048],
            [121.030902, 14.5998756],
            [121.0309806, 14.5996752],
            [121.031143, 14.5993789],
            [121.0313324, 14.5990534],
            [121.0315505, 14.5992328],
            [121.0316704, 14.5993327],
            [121.031691, 14.5993501],
            [121.0318057, 14.5994364],
            [121.0318956, 14.5994919],
            [121.0320275, 14.5995278],
            [121.0321629, 14.5995235],
            [121.0325367, 14.5994289],
            [121.0326406, 14.599412],
            [121.0327505, 14.5994123],
            [121.0329996, 14.5994737],
            [121.0330091, 14.5995912],
            [121.0330419, 14.599655],
            [121.0330859, 14.5997235],
            [121.0331431, 14.5997989],
            [121.0332245, 14.5998639],
            [121.0333643, 14.5999378],
            [121.033465, 14.6000147],
            [121.0335042, 14.6001065],
            [121.0334974, 14.6002081],
            [121.0334382, 14.6003143],
            [121.0333079, 14.6004803],
            [121.0328095, 14.6008206],
            [121.0328182, 14.6009189],
            [121.0328199, 14.6009515],
            [121.0328112, 14.6011275],
            [121.0327738, 14.6012745],
            [121.0329705, 14.6013832],
            [121.0331973, 14.6014986],
            [121.0333837, 14.6015901],
            [121.0336173, 14.6016929],
            [121.033694, 14.6017267]
          ]
        ]
      },
      "id": "relation/2959719"
    },
    {
      "type": "Feature",
      "properties": {
        "@id": "relation/2959720",
        "admin_level": "10",
        "alt_name": "Halo-Halo",
        "boundary": "administrative",
        "name": "Saint Joseph",
        "old_ref": "137405006",
        "population": "1778",
        "population:date": "2024-07-01",
        "ref": "1381400006",
        "short_name": "St. Joseph",
        "type": "boundary",
        "wikidata": "Q120769437"
      },
      "geometry": {
        "type": "Polygon",
        "coordinates": [
          [
            [121.0324845, 14.6021861],
            [121.0327262, 14.6022941],
            [121.0328519, 14.6023507],
            [121.0331575, 14.6025661],
            [121.0332625, 14.6026392],
            [121.0335294, 14.6028309],
            [121.0334948, 14.6028832],
            [121.0328995, 14.6039123],
            [121.0328024, 14.6040829],
            [121.0327235, 14.6042301],
            [121.032661, 14.6043217],
            [121.0326196, 14.6043674],
            [121.0325968, 14.6043903],
            [121.0325407, 14.6044241],
            [121.0324772, 14.6043806],
            [121.0324245, 14.6043488],
            [121.0323692, 14.6043213],
            [121.0322887, 14.6042822],
            [121.0322207, 14.6042515],
            [121.0321428, 14.6042133],
            [121.0320258, 14.6041598],
            [121.0319784, 14.6041392],
            [121.0318566, 14.604088],
            [121.0316138, 14.6039975],
            [121.0315604, 14.6039796],
            [121.0312285, 14.6038982],
            [121.0312524, 14.6038258],
            [121.0318115, 14.6025204],
            [121.0312677, 14.6023158],
            [121.0313204, 14.6021636],
            [121.0313391, 14.6021776],
            [121.0315918, 14.6021657],
            [121.0319538, 14.6021497],
            [121.0320557, 14.6021552],
            [121.0323686, 14.6021721],
            [121.0324845, 14.6021861]
          ]
        ]
      },
      "id": "relation/2959720"
    },
    {
      "type": "Feature",
      "properties": {
        "@id": "relation/2959721",
        "admin_level": "10",
        "border_type": "barangay",
        "boundary": "administrative",
        "name": "Tibagan",
        "old_ref": "137405019",
        "population": "4024",
        "population:date": "2024-07-01",
        "ref": "1381400019",
        "type": "boundary",
        "wikidata": "Q120769456"
      },
      "geometry": {
        "type": "Polygon",
        "coordinates": [
          [
            [121.029299, 14.6030766],
            [121.0292339, 14.6032277],
            [121.0290846, 14.6035747],
            [121.0288248, 14.6040645],
            [121.0278267, 14.6037842],
            [121.0274927, 14.6036969],
            [121.0261202, 14.6033382],
            [121.0261969, 14.6032528],
            [121.0263285, 14.6031494],
            [121.0263592, 14.6031274],
            [121.0265314, 14.6030025],
            [121.026945, 14.6026994],
            [121.0270641, 14.6025925],
            [121.0271261, 14.6025254],
            [121.0272064, 14.6024307],
            [121.0273111, 14.6022854],
            [121.027382, 14.6021458],
            [121.0274357, 14.6020428],
            [121.0274686, 14.6019729],
            [121.0275142, 14.6018837],
            [121.0275411, 14.6018296],
            [121.027653, 14.6016313],
            [121.027695, 14.6015482],
            [121.0277409, 14.6014573],
            [121.0277613, 14.6014006],
            [121.0277956, 14.6013075],
            [121.0278491, 14.6011484],
            [121.0278835, 14.6010338],
            [121.0279061, 14.6009645],
            [121.0279709, 14.6007591],
            [121.0280326, 14.6005476],
            [121.0281158, 14.600228],
            [121.0281196, 14.6002137],
            [121.0281393, 14.600138],
            [121.0282036, 14.5998433],
            [121.0282539, 14.5996125],
            [121.0282688, 14.5995407],
            [121.0283093, 14.5993909],
            [121.0283122, 14.5993795],
            [121.0283429, 14.5992842],
            [121.0283744, 14.5992053],
            [121.0284235, 14.5990797],
            [121.0284645, 14.5990242],
            [121.0285639, 14.5989187],
            [121.0287009, 14.5987865],
            [121.0288089, 14.5986773],
            [121.0288708, 14.598611],
            [121.0289606, 14.5985245],
            [121.029084, 14.5984361],
            [121.0291887, 14.5983764],
            [121.0293147, 14.5983374],
            [121.0296632, 14.5982741],
            [121.0297472, 14.5982589],
            [121.0298502, 14.5982441],
            [121.0299343, 14.5982044],
            [121.0299899, 14.5982458],
            [121.0303621, 14.5984411],
            [121.0307879, 14.5986651],
            [121.0309615, 14.5987762],
            [121.0309998, 14.5987997],
            [121.0311581, 14.5989072],
            [121.0313324, 14.5990534],
            [121.031143, 14.5993789],
            [121.0309806, 14.5996752],
            [121.030902, 14.5998756],
            [121.0308596, 14.600048],
            [121.0308247, 14.6003119],
            [121.0308186, 14.6003408],
            [121.0307711, 14.6005645],
            [121.0307402, 14.6006476],
            [121.0307054, 14.6007046],
            [121.0306585, 14.6007475],
            [121.0306054, 14.6007801],
            [121.030342, 14.600839],
            [121.030291, 14.6008591],
            [121.0302508, 14.6009045],
            [121.0302309, 14.6009787],
            [121.0302072, 14.6011904],
            [121.0301945, 14.6013055],
            [121.0301605, 14.6013746],
            [121.030106, 14.6014698],
            [121.029992, 14.6016442],
            [121.0299725, 14.6016695],
            [121.029953, 14.6017092],
            [121.0299303, 14.6017941],
            [121.0299187, 14.6018614],
            [121.0301066, 14.6019469],
            [121.0303103, 14.602103],
            [121.0297684, 14.6032522],
            [121.029299, 14.6030766]
          ]
        ]
      },
      "id": "relation/2959721"
    },
    {
      "type": "Feature",
      "properties": {
        "@id": "node/1381343769",
        "@relations": [
          {
            "role": "label",
            "rel": 1693452,
            "reltags": {
              "admin_level": "10",
              "border_type": "barangay",
              "boundary": "administrative",
              "name": "Balong-Bato",
              "old_ref": "137405002",
              "population": "7528",
              "population:date": "2024-07-01",
              "ref": "1381400002",
              "type": "boundary",
              "wikidata": "Q120769431"
            }
          }
        ]
      },
      "geometry": {
        "type": "Point",
        "coordinates": [121.0235903, 14.6079725]
      },
      "id": "node/1381343769"
    },
    {
      "type": "Feature",
      "properties": {
        "@id": "node/1381343782",
        "@relations": [
          {
            "role": "label",
            "rel": 1693453,
            "reltags": {
              "admin_level": "10",
              "border_type": "barangay",
              "boundary": "administrative",
              "name": "Corazon de Jesus",
              "old_ref": "137405004",
              "population": "9220",
              "population:date": "2024-07-01",
              "ref": "1381400004",
              "type": "boundary",
              "wikidata": "Q120769434"
            }
          }
        ]
      },
      "geometry": {
        "type": "Point",
        "coordinates": [121.031481, 14.6066944]
      },
      "id": "node/1381343782"
    },
    {
      "type": "Feature",
      "properties": {
        "@id": "node/1381343787",
        "@relations": [
          {
            "role": "label",
            "rel": 154428,
            "reltags": {
              "admin_level": "10",
              "alt_name": "Ermitano",
              "border_type": "barangay",
              "boundary": "administrative",
              "name": "Ermitaño",
              "old_ref": "137405005",
              "population": "3680",
              "population:date": "2024-07-01",
              "ref": "1381400005",
              "type": "boundary",
              "wikidata": "Q120769435"
            }
          }
        ]
      },
      "geometry": {
        "type": "Point",
        "coordinates": [121.0311962, 14.6112771]
      },
      "id": "node/1381343787"
    },
    {
      "type": "Feature",
      "properties": {
        "@id": "node/1381343792",
        "@relations": [
          {
            "role": "label",
            "rel": 1693456,
            "reltags": {
              "admin_level": "10",
              "border_type": "barangay",
              "boundary": "administrative",
              "name": "Progreso",
              "old_ref": "137405014",
              "population": "1752",
              "population:date": "2024-07-01",
              "ref": "1381400014",
              "type": "boundary",
              "wikidata": "Q120769450"
            }
          }
        ]
      },
      "geometry": {
        "type": "Point",
        "coordinates": [121.0198508, 14.6026556]
      },
      "id": "node/1381343792"
    },
    {
      "type": "Feature",
      "properties": {
        "@id": "node/1381343797",
        "@relations": [
          {
            "role": "label",
            "rel": 1693457,
            "reltags": {
              "admin_level": "10",
              "border_type": "barangay",
              "boundary": "administrative",
              "name": "Rivera",
              "old_ref": "137405015",
              "population": "2439",
              "population:date": "2024-07-01",
              "ref": "1381400015",
              "type": "boundary",
              "wikidata": "Q120769451"
            }
          }
        ]
      },
      "geometry": {
        "type": "Point",
        "coordinates": [121.0222201, 14.6052812]
      },
      "id": "node/1381343797"
    },
    {
      "type": "Feature",
      "properties": {
        "@id": "node/1381343810",
        "@relations": [
          {
            "role": "label",
            "rel": 154426,
            "reltags": {
              "admin_level": "10",
              "border_type": "barangay",
              "boundary": "administrative",
              "name": "Salapan",
              "old_ref": "137405016",
              "population": "9046",
              "population:date": "2024-07-01",
              "ref": "1381400016",
              "type": "boundary",
              "wikidata": "Q120769453"
            }
          }
        ]
      },
      "geometry": {
        "type": "Point",
        "coordinates": [121.0247936, 14.6130408]
      },
      "id": "node/1381343810"
    },
    {
      "type": "Feature",
      "properties": {
        "@id": "node/3976029819",
        "@relations": [
          {
            "role": "label",
            "rel": 154429,
            "reltags": {
              "admin_level": "10",
              "alt_name": "Pasadeña",
              "border_type": "barangay",
              "boundary": "administrative",
              "name": "Pasadena",
              "old_ref": "137405012",
              "population": "4643",
              "population:date": "2024-07-01",
              "ref": "1381400012",
              "type": "boundary",
              "wikidata": "Q120769447"
            }
          }
        ]
      },
      "geometry": {
        "type": "Point",
        "coordinates": [121.0332511, 14.6087274]
      },
      "id": "node/3976029819"
    },
    {
      "type": "Feature",
      "properties": {
        "@id": "node/4794967481",
        "@relations": [
          {
            "role": "label",
            "rel": 131820,
            "reltags": {
              "admin_level": "10",
              "border_type": "barangay",
              "boundary": "administrative",
              "name": "West Crame",
              "old_ref": "137405020",
              "population": "17359",
              "population:date": "2024-07-01",
              "ref": "1381400020",
              "type": "boundary",
              "wikidata": "Q120769457"
            }
          }
        ]
      },
      "geometry": {
        "type": "Point",
        "coordinates": [121.0502649, 14.6063099]
      },
      "id": "node/4794967481"
    },
    {
      "type": "Feature",
      "properties": {
        "@id": "node/8189235647",
        "@relations": [
          {
            "role": "label",
            "rel": 149021,
            "reltags": {
              "admin_level": "10",
              "border_type": "barangay",
              "boundary": "administrative",
              "name": "Greenhills",
              "old_ref": "137405021",
              "population": "19156",
              "population:date": "2024-07-01",
              "ref": "1381400021",
              "type": "boundary",
              "wikidata": "Q61926157",
              "wikimedia_commons": "Category:Barangay Greenhills, San Juan, Metro Manila",
              "wikipedia": "en:Greenhills, San Juan"
            }
          }
        ]
      },
      "geometry": {
        "type": "Point",
        "coordinates": [121.0468165, 14.6017667]
      },
      "id": "node/8189235647"
    },
    {
      "type": "Feature",
      "properties": {
        "@id": "node/8298687309",
        "@relations": [
          {
            "role": "label",
            "rel": 154430,
            "reltags": {
              "admin_level": "10",
              "border_type": "barangay",
              "boundary": "administrative",
              "name": "Little Baguio",
              "old_ref": "137405009",
              "population": "6643",
              "population:date": "2024-07-01",
              "ref": "1381400009",
              "type": "boundary",
              "wikidata": "Q120769440"
            }
          }
        ]
      },
      "geometry": {
        "type": "Point",
        "coordinates": [121.0382906, 14.6007742]
      },
      "id": "node/8298687309"
    },
    {
      "type": "Feature",
      "properties": {
        "@id": "node/4715932104",
        "@relations": [
          {
            "role": "label",
            "rel": 1580817,
            "reltags": {
              "admin_level": "10",
              "border_type": "barangay",
              "boundary": "administrative",
              "name": "Addition Hills",
              "old_ref": "137405001",
              "population": "5436",
              "population:date": "2024-07-01",
              "ref": "1381400001",
              "type": "boundary",
              "wikidata": "Q120769430"
            }
          }
        ]
      },
      "geometry": {
        "type": "Point",
        "coordinates": [121.0398547, 14.5940121]
      },
      "id": "node/4715932104"
    },
    {
      "type": "Feature",
      "properties": {
        "@id": "node/8298687315",
        "@relations": [
          {
            "role": "label",
            "rel": 1580818,
            "reltags": {
              "admin_level": "10",
              "border_type": "barangay",
              "boundary": "administrative",
              "name": "Santa Lucia",
              "old_ref": "137405018",
              "population": "9134",
              "population:date": "2024-07-01",
              "ref": "1381400018",
              "short_name": "Sta. Lucia",
              "type": "boundary",
              "wikidata": "Q120769455"
            }
          }
        ]
      },
      "geometry": {
        "type": "Point",
        "coordinates": [121.0351643, 14.5978715]
      },
      "id": "node/8298687315"
    },
    {
      "type": "Feature",
      "properties": {
        "@id": "node/4883094042",
        "@relations": [
          {
            "role": "label",
            "rel": 1693454,
            "reltags": {
              "admin_level": "10",
              "boundary": "administrative",
              "name": "Isabelita",
              "old_ref": "137405007",
              "population": "1694",
              "population:date": "2024-07-01",
              "ref": "1381400007",
              "type": "boundary",
              "wikidata": "Q120769438"
            }
          }
        ]
      },
      "geometry": {
        "type": "Point",
        "coordinates": [121.0307114, 14.603624]
      },
      "id": "node/4883094042"
    },
    {
      "type": "Feature",
      "properties": {
        "@id": "node/8298687312",
        "@relations": [
          {
            "role": "label",
            "rel": 1693455,
            "reltags": {
              "admin_level": "10",
              "border_type": "barangay",
              "boundary": "administrative",
              "name": "Pedro Cruz",
              "old_ref": "137405013",
              "population": "4971",
              "population:date": "2024-07-01",
              "ref": "1381400013",
              "type": "boundary",
              "wikidata": "Q120769449"
            }
          }
        ]
      },
      "geometry": {
        "type": "Point",
        "coordinates": [121.0265108, 14.6047426]
      },
      "id": "node/8298687312"
    },
    {
      "type": "Feature",
      "properties": {
        "@id": "node/8298687314",
        "@relations": [
          {
            "role": "label",
            "rel": 1693458,
            "reltags": {
              "admin_level": "10",
              "border_type": "barangay",
              "boundary": "administrative",
              "name": "San Perfecto",
              "old_ref": "137405017",
              "population": "4669",
              "population:date": "2024-07-01",
              "ref": "1381400017",
              "type": "boundary",
              "wikidata": "Q120769454"
            }
          }
        ]
      },
      "geometry": {
        "type": "Point",
        "coordinates": [121.0231261, 14.6035064]
      },
      "id": "node/8298687314"
    },
    {
      "type": "Feature",
      "properties": {
        "@id": "node/8298687306",
        "@relations": [
          {
            "role": "label",
            "rel": 2959716,
            "reltags": {
              "admin_level": "10",
              "border_type": "barangay",
              "boundary": "administrative",
              "name": "Batis",
              "old_ref": "137405003",
              "population": "7938",
              "population:date": "2024-07-01",
              "ref": "1381400003",
              "type": "boundary",
              "wikidata": "Q120769432"
            }
          }
        ]
      },
      "geometry": {
        "type": "Point",
        "coordinates": [121.024646, 14.5991146]
      },
      "id": "node/8298687306"
    },
    {
      "type": "Feature",
      "properties": {
        "@id": "node/8298687308",
        "@relations": [
          {
            "role": "label",
            "rel": 2959717,
            "reltags": {
              "admin_level": "10",
              "border_type": "barangay",
              "boundary": "administrative",
              "name": "Kabayanan",
              "old_ref": "137405008",
              "population": "6258",
              "population:date": "2024-07-01",
              "ref": "1381400008",
              "type": "boundary",
              "wikidata": "Q120769439"
            }
          }
        ]
      },
      "geometry": {
        "type": "Point",
        "coordinates": [121.0301271, 14.5977568]
      },
      "id": "node/8298687308"
    },
    {
      "type": "Feature",
      "properties": {
        "@id": "node/8298687310",
        "@relations": [
          {
            "role": "label",
            "rel": 2959718,
            "reltags": {
              "admin_level": "10",
              "border_type": "barangay",
              "boundary": "administrative",
              "name": "Maytunas",
              "old_ref": "137405010",
              "population": "3308",
              "population:date": "2024-07-01",
              "ref": "1381400010",
              "type": "boundary",
              "wikidata": "Q120769442"
            }
          }
        ]
      },
      "geometry": {
        "type": "Point",
        "coordinates": [121.031553, 14.5942824]
      },
      "id": "node/8298687310"
    },
    {
      "type": "Feature",
      "properties": {
        "@id": "node/8298687311",
        "@relations": [
          {
            "role": "label",
            "rel": 2959719,
            "reltags": {
              "admin_level": "10",
              "border_type": "barangay",
              "boundary": "administrative",
              "name": "Onse",
              "old_ref": "137405011",
              "population": "3636",
              "population:date": "2024-07-01",
              "ref": "1381400011",
              "type": "boundary",
              "wikidata": "Q7094533"
            }
          }
        ]
      },
      "geometry": {
        "type": "Point",
        "coordinates": [121.0314553, 14.6017402]
      },
      "id": "node/8298687311"
    },
    {
      "type": "Feature",
      "properties": {
        "@id": "node/8298687307",
        "@relations": [
          {
            "role": "label",
            "rel": 2959720,
            "reltags": {
              "admin_level": "10",
              "alt_name": "Halo-Halo",
              "boundary": "administrative",
              "name": "Saint Joseph",
              "old_ref": "137405006",
              "population": "1778",
              "population:date": "2024-07-01",
              "ref": "1381400006",
              "short_name": "St. Joseph",
              "type": "boundary",
              "wikidata": "Q120769437"
            }
          }
        ]
      },
      "geometry": {
        "type": "Point",
        "coordinates": [121.0325182, 14.6030812]
      },
      "id": "node/8298687307"
    },
    {
      "type": "Feature",
      "properties": {
        "@id": "node/8189235648",
        "@relations": [
          {
            "role": "label",
            "rel": 2959721,
            "reltags": {
              "admin_level": "10",
              "border_type": "barangay",
              "boundary": "administrative",
              "name": "Tibagan",
              "old_ref": "137405019",
              "population": "4024",
              "population:date": "2024-07-01",
              "ref": "1381400019",
              "type": "boundary",
              "wikidata": "Q120769456"
            }
          }
        ]
      },
      "geometry": {
        "type": "Point",
        "coordinates": [121.0295877, 14.6007907]
      },
      "id": "node/8189235648"
    }
  ]
}
